lexicon_manipuri,scam_weight
Kanamadasu share touganu,0.6110892707
Mafam asida click tou!,0.05550734397
Cheksin thouramgi paojel,0.428692218
Free voucher / Leiman famba voucher,0.5941118616
Numit khudinggi Lupa 5000 tanbou,0.9635974863
CVV share toubiyu,0.953267817
Aranba pot yonba mi,0.8534290127
Click tou aduga reward tanbou,0.1305746565
Identity verification touba loihoudri,0.8429384006
Houjik fee changloi,0.1184895958
Houjik awaba amatta leite,0.1468154139
Thagatchaba thingba,0.5672555843
Password pibiyu,0.9942988874
Matam kakthangba leiri,0.1803279521
Mimalgi sen thadaba lup,0.8276169528
Sorkargi subsidy,0.555896422
Account activate tou!,0.1493390846
Free gift fangnaba click tou,0.2144844747
Cheksinba sen-thok sen-sin!,0.1792917483
Paisa hallakhre,0.1836425597
Laina paisa tanba,0.8277612033
Aadhaar update touba,0.8595975765
Naggi identity verify tou,0.7631799749
Houjik email confirm tou,0.05789190658
Thuna fida fangba,0.7773176874
Telegram link,0.4234643212
Remote desktop,0.7927309353
Online thaabak,0.5299434871
Interview gi matam lepkhraba,0.241614696
Service desk,0.5912208154
Link asida click tou,0.8531828583
Beneficiary update tou,0.5150895678
Inot semgatpa,0.6436982905
Masi forward tou,0.5532348956
Accessibility enable tou,0.9729093443
Clone website / Mamanaba website,0.9725693512
PIN pibiyu,0.9848144388
Akhanba coupon,0.5640404594
Thagatchaba / Phishing,0.987635832
Thuna payment tounaba click tou,0.1873179827
Courier,0.2135668432
Prize lousinbiyu!,0.1408003242
Thukhatchou,0.4590126158
Anouba login,0.08349651645
Verification touba loihoudri,0.5739045366
Beneficiary update touba,0.4277473673
Aranba pot leiba mi,0.8514770079
Inbox ta thuna chongu,0.8958007994
Password share toubiyu,0.9812945688
Software install tounaba click tou,0.2454615816
Balance check tou / Balance yengu,0.06512100812
Investment app download tou,0.763063915
Security gi maramna,0.5190045323
Document matam loikhre,0.6073486662
Verification code,0.8650782433
Account mapu,0.2389464045
Thajaba yaba partner,0.5902803843
Authentication maipaktre,0.6417816538
Vishing,0.9564434934
Matam kakthangba leiri!,0.133789558
Akhanba deal fangbou,0.08233428725
Crypto fida,0.7578386819
Free gift fangnaba click tou,0.1057519745
Click amatta toubiyu,0.1905081003
Mapan leibakki marup,0.5109375548
bit.ly,0.8975966472
Thuna access fangbou,0.2062643711
Official helpline,0.5713913218
Sorkargi grant ayaba pikhre,0.7549784032
Discount fangbou!,0.104940763
Khudhaktangda ayaba pikhre!,0.2006855845
Click tou aduga reward tanbou,0.09357851085
Login session matam loikhre,0.5538245063
Gift voucher,0.5113263138
Telegram group,0.6274067049
Free offer,0.1181208333
Aadhaar,0.5654597975
99% off,0.8726677995
Houjik account verify tou,0.2108874415
Merchant refund,0.4951050019
Houjik account validate tou,0.1190384417
Lakliba call,0.1037986809
Solana,0.6170681264
Security update,0.4170430773
Aranba account,0.9811929662
Account thingjinkhre,0.8357808407
Ei luhongbiro,0.4769824854
One click ta fangbou,0.09064461822
Houjik authenticate tou,0.825781016
Thuna access fangnaba click tou,0.1711558499
MNP,0.4173559607
Paisa lounaba QR scan tou,0.9579454084
Discount fangnaba click tou,0.1123727716
Jackpot,0.8868545018
Matam kakthangba leiri!,0.1196191186
Bank ni haina sak-onba,0.9547857278
OTP share toubiyu,0.9848710134
Passive income,0.643966314
Numit khudinggi tanbou,0.7870654851
Account thingjillagani,0.7518181162
Mobile da paisa tanba app,0.7940233235
Credit card verify tou,0.8093955709
Discount fangnaba click tou,0.1105831458
Aadhaar verification / Aadhaar verify touba,0.8197808418
Khallaba candidate,0.5864334457
Free offer / Leiman famba offer,0.06320196883
Blue tick,0.09638941922
PAN link tou,0.4761877738
Houjik thukhatchou!,0.1373991771
Aadhaar KYC,0.8936437927
Thagatchaba SMS / Aranba SMS,0.7889705372
Ayaba yaodana login touba,0.8454645374
Akhanba winner / Maipakpa mi,0.78743193
Akakpa leita paisa tanba,0.9647722389
Thuna access fangba,0.06552986693
Device access fangba,0.7908936001
Pot leinaba voucher,0.4408809681
Chargeback / Paisa hanba,0.5197954694
Recruitment / Thabak haiba,0.1562339056
Houjik profile update tou,0.09009490311
Houjik thuna access fangbou,0.2239938319
Internet banking login,0.4437096568
Free gift fangbou,0.2415868242
Mimalgi message / Private message,0.4514218155
Meigi bill pibadou leiri,0.6047658785
Central government / Kendra leingak,0.2064056175
Khudhaktangda paisa piba,0.5659474215
Yamna fida fangba,0.8321388564
Mapagi lan (inheritance) fund,0.9588574895
Khwaidagi faba mamal!,0.2468026326
Houjik survey loisinbiyu,0.1254636108
Credit card changde click tou,0.2421253951
Wallet synchronize touba,0.6482042097
Houjik lousinbiyu (claim tou),0.7754636858
Houjik thuba service,0.2207923934
Penalty dandi loushinganaba,0.5900724558
90% off / discount,0.4329321934
goo.gl,0.4574886515
Maru oiba update,0.448655628
Payment mai pakna fangkhre,0.1283051396
Block touba thingu,0.7889719813
Telegram investment,0.8971945636
Houjik survey loisinbiyu,0.2422270971
Eibu thajabiyu,0.6388336716
Forex signal,0.7890236686
Free offer fangbou,0.07688702588
Anouba login khangkhre,0.8561752646
Gift card,0.4898083423
Maheiroigi scholarship,0.1020573715
Official support / Mateng,0.5795307691
Punnaba tunggi punsi,0.5761701907
Crypto signals group,0.8402885147
Account validate tounaba click tou,0.1477795664
Prize lousinbiyu!,0.177280274
Thuna tounaba click tou,0.1501248536
Telecom verification,0.6235477187
Thuna / Athuba mityengda,0.4540095456
Khudhaktangda ayaba fangbou,0.1848260591
Fattaba URL,0.9698797199
Fee changde,0.05386552618
Scholarship ayaba pikhre,0.5971118358
Houjik share tou,0.5098512474
Chingnaba yaba URL,0.7911322804
Website yengbiyu,0.5770430222
Bank PIN,0.8009812446
Account alert / Paojel,0.5353166447
UPI,0.4664000106
Tumlingei dasu paisa tanbou,0.9830685306
Survey loisin-naba click tou,0.1531723805
HTTPS,0.2401727125
Utility payment,0.1170416095
Identity ayaba pikhre,0.1938707245
Pot fangbada paisa piba (COD),0.05964240777
Refund toubada ayaba pikhre,0.4568174068
Register touba number update tou,0.7728156425
Aranba Paytm,0.9747937868
PAN,0.4502334222
Nungshiba,0.1531192057
Houjik paisa yet-thou / save tou,0.08337204034
Guarantee piba signals,0.9743833534
Khallaba maipakpa (winner),0.7769524663
Free trial,0.1040786573
Reward lousinbiyu,0.8317540378
Houjik thukhatchou,0.1744827283
File decrypt touba,0.9942103232
Paisa kakhre (debited),0.225916371
Pot puba / delivery mai paktre,0.5017269902
Prize lousin-naba click tou,0.1314212978
System update touba darkar lei,0.8121194629
Paisa fangnaba QR scan tou,0.9805112575
Houjik credit card changde,0.2089031089
Akupba marol verify tou!,0.1194554078
Thuba service fangbou,0.1367634839
Processing fee,0.8766255673
Pot tharakpa thengkhre,0.5607204775
Account tagi paisa kakhre,0.09775924228
Fee changde,0.1744686529
Software install tou,0.1090081415
Processing fee piba darkar lei,0.7662038631
Bank account,0.1785130399
Houjik register tou,0.4013074034
Account verify tou,0.8810515671
Crypto sen thadaba (investment),0.8981474346
Naggi OTP share tou,0.9749127841
Akhanba offer click tou,0.1361970441
Official sen thadaba,0.4692035769
Aroiba offer click tou,0.153806456
Houjik matam kakthangba leiri,0.2402859621
Infected device / Virus changba device,0.7565118799
Changbada pikhouba fee (Joining fee),0.8211946314
Free shipping click tou,0.06190494007
Telegram da message tou,0.881846835
DM check tou / yengu,0.5457017088
Thuba delivery,0.2182895106
Mobile number confirm tou,0.4460562098
Fee / charge amatta changde,0.06435516125
Aroiba offer click tou,0.2107917015
Login tounaba hotnaba,0.4078965362
Hack touba account,0.8563590779
Khudhaktangda / Athubada,0.5548969887
Official page,0.6160895625
Laibak faba customer,0.4617446998
Document pishinbiyu,0.6181884599
Houjik survey loisinbiyu,0.1907714183
Khallaba lepkhrabani,0.4919851878
Clearance fee,0.854320081
Maral dandi paojel (Criminal complaint),0.6194935801
Sen thadanaba tanja,0.8702592125
Atei mi amagi sak onba,0.9793304232
Document verification loihoudri,0.4817329041
Fee / charge amatta changde,0.1098791177
Official merchant / pot yonba,0.402332905
Khudhaktangda contact tou,0.780078709
Laina touba yaba thouram (easy process),0.1242344847
Official offer,0.5720336765
Free shipping fangbou,0.07511004295
UN officer,0.8916921329
Numit khudinggi tanbou,0.8259399089
Paisa yet-thou / save tou,0.1031165666
Identity verify tou,0.8652410121
Email confirm tou,0.09520579956
Malware / virus thengnakhre,0.8325339813
Nungshi-nungol / Dating,0.1833728515
Balance check tou,0.1997290468
Document ayaba pikhidre,0.5586678183
Fida fangbagidamak guarantee,0.9749097858
Eibu thajabiyu,0.4074933975
Pot leiba website,0.173569448
Account thingjinkhre (frozen),0.7713743314
Free offer fangbou,0.2096760681
Laina registration touba!,0.1677463044
Cashback offer,0.4559544037
Houjik lousinbiyu,0.6424552613
Naggi inbox check tou,0.4086675667
Forex trading,0.8157923129
Balance check tou!,0.1915442701
Kipnaba amatta leite (Zero risk),0.9614227371
Virus,0.822531847
Acheba offer,0.4788517239
Yum tagi tanbou,0.7751428824
Helpline,0.5203805879
Data amuk hallakpa / recovery,0.6099653257
Aronba code (secret code),0.8996901166
Paisa credit toukhre,0.2255660156
Account activate tou!,0.05027072514
Mari-mata / Relationship,0.1477693161
Houjik awaba amatta leite,0.08916661683
APK download tou,0.9714828406
Google mateng (support),0.4608705741
Maru oiba bank alert,0.5403056971
Khwaidagi faba mamal,0.1076810876
Wallet address,0.5856766303
Aadhaar verification / Aadhaar verify touba,0.7827380832
Premium upgrade,0.4743871128
Akhanba offer!,0.1419329741
Official verification,0.5318499055
OTP pibiyuko,0.84052315
Account validate tou,0.176184358
Laina registration touba,0.06446329505
Account validate touba fangbou,0.05198476423
Aranba/Thagatchaba website,0.9713090651
Houjik bonus point fangbou,0.1567934945
Discount fangbou,0.2352765213
Houjik balance check tou,0.1273081014
OTP code,0.8001357478
Bank tagi call,0.5138050373
Remote access,0.9653644982
PAN update touba,0.7645014674
Social media thouram (contest),0.5668874748
Verify touraba offer,0.509400781
Aadhaar authentication,0.8343445224
Mateng pangba team,0.4328112194
Laina registration touba fangbou,0.05471899293
Thukhatchou,0.6034925674
Mafam asida click tou,0.8898042158
Akakpa memba,0.5205102645
Paisa / fund credit toukhre,0.06304091825
Transaction touba loihoudri,0.6495868778
Free trial,0.1791644773
Houjik thukhatchou,0.07851882882
Ngasigimotak,0.4355623422
One-time password / OTP,0.7550918968
Part time thabak,0.5077218809
QR code,0.5708146909
Sen thadaba kanglup,0.5086489902
Numit khudinggi tanba,0.8174609764
Email confirm tounaba click tou,0.1928065289
Marup singda refer tou,0.4303753441
Fast service fangnaba click tou,0.1654558058
Investment group ta yaobiyu,0.8596231447
Document upload tou,0.5985493328
Reward tanbou,0.1472000988
RBI officer,0.8170803811
Missed call,0.5454928505
Policy matam loikhre,0.6056201409
Ticket number,0.230578999
Free gift!,0.243209501
Bank document,0.1619511367
CVV pibiyu,0.9657645169
Access amuk loushinba,0.6398941611
Google Pay,0.1601714741
Athubada loiragani,0.4144451402
Thuna access fangba,0.0917765448
Crypto amuk recover touba,0.6185556312
Telegram gi thagatchaba,0.7912209053
Houjik thuna payment tou,0.2047982756
Account validate tou,0.1104666499
Account lock toukhre,0.897999389
Legal notice / Aain gi paojel,0.8895892822
Khudhaktangda ayaba fangnaba click tou,0.1052339116
Akakpa investment slots,0.7881587371
Document yaodana loan,0.7532735095
Registration gi senfam,0.7593979805
Tanja faba (rare opportunity),0.07037847761
NEFT,0.1894942923
rb.gy,0.8841148806
Police ni haina sak-onba,0.9511819293
Profile yengbiyu,0.2100141937
Makhada click tou,0.8905842731
Numit khudinggi income,0.773931702
Houjik upgrade tou,0.05031302104
Laina registration tounaba click tou,0.06785790491
Live verification,0.5449959469
Fee changde fangbou,0.2050692301
Houjik thukhatchou!,0.06313897179
Commission tanbou,0.4692069493
Investment scheme,0.8009175289
Bonus point!,0.127896379
Password reset touba fangbou,0.1497791329
Akhanba investment group,0.8660819484
OTP thaabiyu,0.9648674504
Remote support,0.8224453308
Account validate tou,0.2385448638
Inbox ta paokhum pibiyu,0.648859379
Laina touba yaba thouramda click tou,0.2489638588
Official partner,0.5722213255
Advance payment / Mamangngaokhangna paisa piba,0.8801877442
Police verification,0.6128562394
Laina touba yaba thouramda click tou,0.1439976536
Account validate tou,0.1142991402
OTP verify tou,0.8211321325
Prize lousinbiyu,0.2280430005
Houjik matam kakthangba leiri,0.2247397187
Digital verification,0.4276801483
Account number,0.4223527506
Bank authentication,0.4198516462
FIR register toukhre,0.7812765772
Link yengbiyu,0.795144535
Data entry gi thabak,0.4084034
Houjik thabak tou,0.772803728
Khwaidagi faba mamal fangbou,0.1947946111
Account notification,0.6150349233
100% achumba / genuine,0.4636676555
Parcel fasin-khre,0.6019614855
OTP pibiyu,0.953852914
Account password,0.7849439212
Official message,0.4463813789
Free shipping,0.1333008864
OTP darkar lei,0.4797751183
Laina touba thabak,0.842571748
Eingonda call toubiyu,0.5996785479
Akupba marolgi damak DM tou,0.5635436504
Credit card changde click tou,0.1343656357
Millionaire onba / Inak khunba onba,0.9632523214
Houjik thukhatchou!,0.1588964666
Naggi KYC update tou,0.8519470924
Official account,0.551773509
Numit khudinggi Lupa 500 tanbou,0.8639097394
Account in-active oikhre,0.6439684387
Thuna payment tou!,0.2156938599
Akhanba offer click tou,0.1249105774
Support ta contact tou,0.4489444964
Thuna / Urgent,0.5602065787
Cyber crime cell,0.5242408707
Akhanba offer click tou,0.05963720248
Sorkargi portal,0.2229127219
Mobile banking login,0.5256415191
Login alert,0.6414555403
Remote access ayaba pibiyu,0.965565385
Thuna payment tounaba click tou,0.1380882701
Free offer fangnaba click tou,0.1268413426
Official paojel,0.4090400951
OTP pibiyu,0.8514701906
Hanthana touba transaction confirm tou,0.8476460201
Houjik credit card changde,0.1308579495
State sorkar,0.1917489395
Premium access,0.610175757
Account thingjillagani,0.7822802808
Aranba portal,0.8481766821
Houjik software install tou,0.1209542584
Scholarship gi senfam,0.6267987577
Ngasi khaktangi houjik,0.2412094287
Houjik free offer,0.09839542606
Mimalgi pao (private information),0.5627193423
Request ayaba pi,0.8244691729
Ayaba pi (allow permissions),0.8703964965
Balance yengu,0.2194121654
Khudhaktangda verification,0.579080847
Ngasi khak tagi click tou,0.1231361497
Laina touba yaba thabak,0.5766943042
Card number share tou,0.9720099499
Thuna payment tou!,0.1582815215
Savings account,0.1726822778
Houjik confirm tou,0.8219908252
Koubiyu aduga tanbou,0.883038735
Houjik yaobiyu,0.5504703974
Premium hangthok-u (unlock tou),0.5475869226
Password amuk semmu (reset tou)!,0.06253792432
Sak-khangba verify touba,0.8126650173
Account amuk fangba (recover tou),0.4331789385
Profile update tounaba click tou,0.2462287464
Laina touba yaba thouram,0.1391083277
RustDesk,0.7885164852
Eingonda pao faoraku,0.6421221944
Account verify tou,0.8759703428
Sak-onba thagatchaba,0.9868436872
Authentication code,0.810289637
Nungshiraba (romantic),0.07793025095
Net banking,0.1916725953
Paisa save touba fangbou,0.2260629524
Laina touba thouramda click tou,0.1258188097
Registration athubada thingjillagani,0.4019160082
Reward tanbou!,0.06328876887
Sak-khangba confirm tou!,0.2191842879
Bank gi paojel (alert),0.640748001
Houjik email confirm tou,0.2276807345
Free trial fangbou,0.1788298443
Link asi inbiyu,0.8018824585
Senfam prize,0.878157764
Sak hura thagatchaba,0.9759529895
Credit card changde fangbou,0.05234132215
Mobile number update touba,0.4479668312
Mafam asida click tou,0.0767656726
Laina touba yaba khongthang,0.1535921055
Free gift fangbou,0.2410230415
Matam kakthangba leiri!,0.1639079559
Ayaba yaodana paisa louthokpa,0.8918547221
Paisa niba (request),0.8025187889
Mobile verify touba,0.5056371071
Customs fee,0.8954868069
Click amatta!,0.07857005746
Khangdaba mafam (source),0.7985415329
Customs duty,0.7508637991
Aranba SMS,0.8447720291
Customs fee pibiyu,0.8082837152
100% achumba,0.6102178949
Card gi akupba marol darkar lei,0.9766514434
Cashback,0.456110143
Houjik balance yengu,0.2191208726
Sak-khangba confirm touba,0.5148616921
Ngasi khaktang!,0.2113930982
Paisa save tounaba click tou,0.2035135257
Meigi bill piba,0.2216354106
Houjik aroiba tanja,0.2333270472
Houjik reward tanbou,0.0748736798
Delivery gi pao (update),0.595596371
Thuna payment fangbou,0.2277318161
Balance yengu (check),0.2366226663
Document verify touba darkar lei,0.7922281798
Technical mateng (support),0.7548789269
Aadhaar link tou,0.581667748
Cheksinba authentication,0.1962992981
Sak-khangba confirm touba fangbou,0.05202623681
Maipakpa pot lousinbiyu,0.8573737447
Aranba email,0.8261201601
Houjik reward tanbou,0.1018669795
Premium account,0.1516721094
Prize lousinba fangbou,0.05382321889
Thabak hangba leiri,0.06141737122
Paisa save touba fangbou,0.06022707629
Fee amatta changde!,0.09838633606
Session matam loikhre,0.2264832737
Bank tagi sen-thok sen-sin,0.4579179253
Sorkargi officer,0.6065169076
Credit card verify touba,0.8689892026
App download tou,0.7568613051
Caller gi sak onba,0.7741139844
Houjik screen share tou,0.9863969653
File hangthok-u (unlock tou),0.960602242
Delhivery (courier),0.1741857135
Houjik aroiba offer,0.07219961976
Bank account update touba,0.6155036206
File download tou,0.6433722423
Username,0.4061001954
Houjik upgrade tou,0.174132096
Laina paisa tanba app,0.8665065835
APK file,0.8232964786
Paisa hanba fanglagani,0.8637357714
Profile update tou,0.05177265702
USDT,0.4644207221
Admin da pao faoraku,0.5521318182
Mafam asida click tou,0.2426998482
Beneficiary update touba,0.5965695498
Software install tou,0.4061467291
PIN pibiyu / changsinbiyu,0.7615429802
Income saruk sangna hengat-hanba,0.9541085834
Bank ki meehut,0.8439330482
Account verify tou,0.1501207142
KYC update tou,0.813187208
Houjik eingonda text toubiyu,0.5159831217
Athubada thabak thiba (Urgent hiring),0.4674374029
Matam kakthangba leiri,0.1837145293
PAN verify touba,0.8175556404
Thajaba yaba investment company,0.5181233388
IFSC,0.2174026657
Awaba amatta leite,0.09214099277
App download tounaba click tou,0.2428057694
Charge amatta changde!,0.1186334706
Courier gi mamal (fee),0.5715817992
Reward tanba fangbou,0.1944286471
Paisa niba,0.8648269348
Digital certificate,0.06752854935
Houjik sen thadou,0.762017227
Aranba PhonePe,0.9629876892
Naggi number port tou,0.7839984603
Bank account,0.5965862536
Refund cancel touba,0.6158334124
Bonus point fangnaba click tou,0.1542592095
Keylogger,0.9981463438
Lottery,0.7815993284
Anouba beneficiary,0.1418479755
Houjik profile update tou,0.09183709308
Free shipping!,0.1068548186
Paisa gi ning-tambak (Financial freedom),0.4435273338
Discount voucher,0.5887604822
Service gi damak niba (request),0.1094475615
Thagatchaba yengsinba,0.1424591122
Processing gi charge,0.4012349952
Sak-khangba confirm touba,0.4832504783
Khudhaktangda amuk reactivate tou,0.8702305668
App download touba fangbou,0.2300166366
Telegram channel,0.5673000657
Athubada loiragani,0.5201267368
Ngasi khaktang!,0.2326573895
Matam kakthangba leiri,0.4145409489
Tanja faba (rare opportunity),0.2153414719
Sak onba (Spoofing),0.8615262384
Messenger gi thagatchaba,0.8733921478
Bonus point!,0.07496416279
Mafam asida click tou,0.8747545566
Payment gateway,0.2318440412
Naggi account verify tou,0.8976125204
Khangdaba APK,0.8563569393
Security yengsinba,0.4939720713
Maru oiba pao (Sensitive information),0.5332394466
Khwaidagi faba mamal fangnaba click tou,0.06461631241
Akupba marolgi damak DM tou,0.6230756245
Digital wallet,0.06829736748
Software install touba fangbou,0.1412473018
KYC verify touba,0.8678477427
Discount fangbou,0.1749567726
Bank ki credential,0.8698174854
Strategy asi copy tou,0.5479242906
Court tagi paojel,0.7674549597
SSL certificate,0.08021157836
Houjik tangna famba tanja,0.1958346975
Sorkargi fida,0.4319283709
CVV share tou,0.9758634528
Pot tangna leiri (Limited stock),0.1518844256
Debit card verify touba,0.7975142516
Credit card,0.1816903669
Recharge cashback,0.4599685282
Fee changdaba click tou,0.09314813584
Free trial fangbou,0.09554994722
Social media giveaway,0.5059345634
Help desk,0.5541625786
Email spoofing / Aranba email thaaba,0.8726950536
Tracking number,0.1976898419
Houjik software install tou,0.1215628168
Software install tou,0.1071567111
Email confirm tounaba click tou,0.2178676985
Prize lousinbiyu,0.2106965487
Password onthoku,0.4992308191
Bonus referral,0.4714766973
Payment confirm touba darkar lei,0.8052464296
Official account,0.5183024767
Chingnaba yaba login,0.4261419601
Ayaba pi,0.8574226011
Refund loushinba,0.806967867
Income tax refund,0.8890766729
Aroiba cheksin paojel,0.7696065565
GST refund / GST paisa hanba,0.7851963123
Mafam asida click tou,0.05779920251
Payment ki request,0.7779657393
Coupon lousinbiyu,0.5821226693
Laina touba yaba khongthang,0.2200696002
Free reward,0.4705467687
Yamna chumba signals,0.8478336389
Account ki akupba marol,0.4551529882
HR executive,0.2373211385
Free recharge,0.7712957985
Thuna fangba loan,0.8900812526
Achaoba mi / Thajaba yaba mi,0.5967258466
Laina touba yaba khongthang!,0.05293867773
SIM block toukhre,0.4685401666
OTP,0.8351917846
Scan tou aduga pey tou,0.8220879866
Device verify touba,0.5081244696
Thingjin-dringei yaobiyu,0.8957299036
KYC,0.4740770301
Verify touraba account,0.1630043986
Ngasi khaktang click tou,0.1913952975
Sak-khangba confirm tou,0.1789665208
Trading signal,0.8368013113
Mungna cheksinba (Completely safe),0.8192216197
Paisa sarak ani (Double money),0.9865794761
Ngasi khaktang!,0.05619115818
Parcel thabak leikhre / hold toukhre,0.8451213207
Aroiba tanja,0.0950762536
Wallet ayaba pi,0.769723368
Passive income tanbou,0.5585260078
Paisa thaba maipaktre,0.4512203185
Customs fee,0.7986878745
Houjik khwaidagi faba mamal,0.2193937708
COD,0.2454348368
Houjik password reset tou,0.1725146937
Houjik subscribe tou,0.07561914927
Thuna access fangbou,0.1833200958
Discount fangbou,0.2145069589
Ngasi khang-dokpa,0.4701708039
Bank verify touba darkar lei,0.8859214882
Password reset tounaba click tou,0.1090602955
Ngasi yum tagi tanbou,0.8269001589
Akhanba deal!,0.2297121209
Houjik akupba marol verify tou,0.1605001935
Thagatchaba email,0.79305572
Leifam verify tou,0.40315188
Sorkargi officer,0.4341099381
Cheksinba login,0.5701248255
Free trial!,0.1926413767
Aroiba tanja da click tou,0.2155037844
Houjik free trial,0.1832770827
Thuna payment fangbou,0.228618041
Wallet verify touba,0.767075759
Fattaba email,0.8425390378
Click amatta tou,0.2411837658
Lousinba gi request,0.9889792237
Import duty,0.8049692302
Loan gi senfam thokhre,0.2403623571
Barcode scan tou,0.2002750172
Investment registration hangkhre,0.4904632733
Register touraba mobile,0.228797942
Aadhaar pishinbiyu,0.7668870586
Free trial,0.09270227326
Athubada darkar leiba,0.5291431571
Customer care,0.4853119569
Customs,0.5361222745
Duplicate account,0.8177651518
Credentials / Mathou taba marol,0.8812052509
Duplicate SIM,0.9552054825
Akhanba offer,0.2358456107
Support ki meehut,0.8370258554
Mentor leiri,0.5756584433
Akhanba deal,0.1081009011
Official helpline,0.5618686785
Court tagi khongloi,0.8726174563
Houjik mak upgrade tou,0.1814706964
Khudhaktangda paokhum pibiyu,0.7959380431
Awaba yaodana click tou,0.1583409625
Balance check touba fangbou,0.1132540299
Laina touba yaba thouram!,0.2142396565
Refund mai pakkhre,0.06463918475
Thenghan-ganu,0.5951903965
Akupba marol verify tou,0.1487628081
Paisa save touba fangbou,0.1656596799
Amuk login tou,0.4905588604
Sen thadaba gi plan,0.578521733
Balance check touba fangbou,0.1322042151
Address proof upload tou,0.8141234532
Aranba profile link,0.8423978175
Online typing thabak,0.4163415394
Thuna access fangbou,0.07107298445
Aroiba tanja,0.5949627472
Khudhaktangda yaobiyu,0.8622109769
KYC gi aroiba matam,0.7938327346
Click tou,0.5581554733
Ngasi matam loiragani,0.4099047063
Interview gi fee,0.8378031547
Faanaba warrant (Arrest warrant),0.9690311647
Awaba amatta leite!,0.1715504245
Aranba message,0.5349963449
Charge amatta changde,0.1773804635
Houjik profile update tou,0.1853642598
Houjik thukhatchou,0.07842742476
Ngasi subscribe tou,0.1176535012
Prize lousinbiyu!,0.2046283748
Investment bonus,0.5625814216
EXE file,0.8655611127
Free gift!,0.07816058978
Aranba login page,0.9846841113
Houjik survey loisinbiyu,0.2334971686
Customs clearance fee,0.8783605888
Bank helpline,0.8847045823
Houjik login tou,0.4836278222
Account verify touba fangbou,0.1267677766
Click amatta tou,0.1118745436
Houjik verify tou,0.7608670332
Security verify touba loihoudri,0.8033239516
Thabak ki offer,0.4279799048
Credit score,0.2430237393
Verification maipaktre,0.5669799997
Laina registration tounaba click tou,0.2167299924
NPCI verification,0.6298479933
Document verify tou,0.4241336175
Payment yakhidre,0.4503409455
Pot tharakpa (Shipment),0.1308280643
Thabak paikhatpa darkar lei,0.7516546897
Instagram scam,0.7855305838
CVV changsinbiyu,0.8309236939
Houjik upgrade tou!,0.2315222005
Bank ki akupba marol confirm tou,0.8975282209
Sak-khangba confirm tou,0.0742050001
Cheksinba sen-thok sen-sin,0.0500269386
Khudhaktangda thabak paikhatpa darkar lei,0.8124230997
100% cheksinni (safe),0.7557639523
Laina registration touba,0.1040495384
Screen share touba ayaba pi,0.9540300757
Laina fangba paisa,0.9868716884
Account activate tou!,0.2002356096
Security update,0.5399121709
Ethereum,0.4076631256
Cheksinba transaction fangbou,0.1485729169
Sak-khangba confirm tou,0.1019083566
Mamanaba website,0.9581811911
Flash sale,0.06245835963
Parcel thingjinkhre,0.8696720473
Selfie verification,0.4162133986
Profile update tounaba click tou,0.1506167902
Cheksinba transaction fangbou,0.2415579602
Mamanaba domain,0.9897404774
AnyDesk,0.9675811344
Laina registration touba,0.09239881094
Bank verification,0.7930858487
Pot leiba mi gi account,0.2361897391
Pung amatang thabak tou,0.7944803372
App download touba fangbou,0.07185284206
Health insurance,0.1305960358
Account verify tou,0.1876548472
Promo code,0.6297316334
Remote tagi mateng,0.7700219959
Security deposit,0.8703878519
Bank ki meehut,0.898167828
Customer reference,0.1102530522
Security gi maramna,0.5843392693
Houjik khwaidagi faba mamal,0.1223839982
Device verify tou,0.4264161711
Cheksinba transaction fangbou,0.06161839042
Houjik thuba service,0.1705885753
Chingnaba yaba transaction,0.8187450962
Domain sak onba,0.8748201267
Houjik account validate tou,0.06772094279
Paisa gi mateng,0.6345762046
Houjik apply tou,0.59024769
Ising gi bill,0.08475231863
Account validate tou,0.2023596383
Spyware,0.978365611
Account ki cheksin-thouram,0.4918836056
Cashback lousinbiyu,0.4172395041
Salary advance,0.7808761815
Document verify toubagi fee,0.8008290974
Payment yakhidre,0.4411765884
Income tax officer,0.5070499037
Yum tagi thabak touba,0.4842507941
Mobile number verify touba,0.4214145624
Mafam asida click tou,0.08082900864
OTP verify tou,0.8677345466
Free recharge,0.4977703842
APK file,0.8809095376
Payment thabiyu,0.6487269557
Smishing / SMS scam,0.9912908375
Mafam asida click tou!,0.1361058677
Sak-khangba confirm tou!,0.2070379086
Profile link,0.5387712373
Online verification,0.6442000821
Helpline number,0.4018907187
App download tou!,0.2077864944
Bio link,0.500373579
Isagi boss isa oiba,0.4245989124
Beneficiary hapchin-khre,0.4129891444
Email phishing,0.8807765292
Lottery gi prize,0.844734033
Khonjel gi thagatchaba (Voice phishing),0.9667559427
Email confirm tou!,0.2037845564
Security OTP,0.4092519087
Aranba email (Spoof email),0.7509578808
Bank gi paojel (alert),0.6126540145
Houjik charge amatta changde,0.05286305553
Gift parcel,0.7802780178
Password amuk semba fangbou (reset touba),0.1980952264
Card amuk anouba semba (renew tou),0.4717844895
KYC loihoudri,0.8630942855
Guarantee piba payout (paisa fangba),0.9884611574
SIM sildokpa / onba,0.7692591434
Official update,0.617155792
Cheksinba sen-thok sen-sin (transaction),0.1096104417
Eingonda WhatsApp tou,0.82954532
Awaba amatta leite,0.07811059352
Customer care number,0.7687778688
Bill pikhouba,0.5235531118
Free offer!,0.1453686937
Crypto payment,0.9705514235
Group ta yaobiyu,0.602942447
PIN,0.8394404818
Free gift!,0.1545153199
Ngasi khaktang houjik,0.08089194944
Thuna access fangbou,0.1975739037
Police officer,0.5737861385
Sak-khangba (identity) verify touba maipaktre,0.7518606054
Reward lousinbiyu,0.7697351528
Transaction loihoudri,0.5281721278
Tanja faba (rare opportunity) da click tou,0.245796223
Account block toukhre,0.7863067524
Official notice / paojel,0.642048357
Khudhaktangda paisa thaba (transfer),0.2469979312
Laina touba yaba khongthang fangbou,0.1428190319
Cheksinba sen-thok sen-sin,0.05877998853
Payment confirm tou,0.5805177346
Number mafam hongba (migration),0.4808428905
Thagatchaba email (Phishing),0.9990593089
Discount fangbou,0.2462355674
Case ID,0.2204527749
Chingnaba yaba transaction,0.7702749434
Sorkargi mateng,0.5281636883
Maru oiba aronba pao,0.6200197719
Thuna service fangnaba click tou,0.2452027647
Complaint register toukhre,0.1986386397
Thao gi engineer (Oil engineer),0.8524872042
Account verify touba darkar lei,0.865395734
Speed Post,0.1997652674
Naggi account hangthok-u (unlock tou),0.8321939233
Prize lousinbiyu!,0.2395376052
Mai pakpa transaction,0.2385463548
Payment loihoudri,0.6209464712
Beneficiary register touba,0.511763886
Aadhaar link touraba account,0.4045016389
ATM PIN,0.7845013256
Eingonda inbox tou,0.5936584452
Mateng pangba mafam (Help center),0.5519762732
Payment mai pakkhre,0.1686088668
Reward point,0.5230694641
100 percent profit / fida,0.9780084092
Bio da link leiri,0.4247945249
Thagatchaba thengnakhre,0.8774963057
Customer support,0.4950489047
Mobile recharge,0.2151956425
Kipnaba amatta leite (No risk),0.9818334841
Cheksinba sen-thok sen-sin!,0.1447619657
Mapan leibakki parcel,0.8173040434
Lottery maipakpa,0.8434449875
Security gi awaba,0.5756162426
Akhanba reward,0.6176874753
Houjik free trial,0.1191754921
Kipnaba amatta leite (Zero risk),0.953332602
Binary options,0.986262883
Sen thadaba amatta changde,0.5534833962
Discount fangbou,0.1702148334
Refund / Paisa hanba,0.4990605047
Akhanba deal,0.099320727
Eingonda message tou (DM),0.4954849099
Pot leiba order,0.1287728811
APK download tou,0.9935768403
Merchant da payment touba,0.2144206321
Sen thadabagi lamjingba (Coach),0.6376327631
ATM,0.2257259973
Eingonda message tou (PM),0.4197422905
Link asi yengbiyu,0.7888945138
Mobile number hongkhre,0.8481438828
India Post,0.1400701958
Account amuk verify tou,0.766571117
Anouba device khangkhre,0.7601502543
Khudhaktangda tanbou,0.8606262539
Screen share touba,0.9901512949
Akupba marolgi damak message (PM) tou,0.4495244082
Fee changde click tou,0.06086640696
Digital service portal,0.1260801098
Houjik khwaidagi faba mamal,0.2045842964
Houjik athubada thukhatchou,0.06244064523
Khangdaba device,0.5098779222
Kipnaba amatta leite,0.9950880996
Numit khudinggi trading signals,0.7656337204
Payment,0.4551215523
Akhanba offer,0.4812975161
Eingonda text toubiyu,0.5609760634
Houjik upgrade tou,0.07613046876
Numit khudinggi Lupa 10000 tanbou,0.9868201008
Insurance policy,0.21118508
Eingonda mimalna message toubiyu,0.5986445697
Parcel track tou (thibiyu),0.5417540652
Numit khudinggi Lupa 5000 tanbou,0.9518335713
SIM onthokpa (swap),0.9846218076
Sak huraba (stolen identity),0.9931398539
Khudhaktangda reward,0.7608126504
Password amuk semmu (reset tou),0.169026335
Payment amuk hanba,0.4825537662
Email confirm tou!,0.07458413569
Thuba service,0.2476071932
Password reset touba fangbou,0.06524784359
Houjikki houjik,0.5625502731
Pot tharakpa (shipment) gi update,0.1058552177
Paisa thaba maipaktre,0.5298464649
"Kipnaba hanthana, fida yamna fangba",0.9998166958
Card verify touba,0.8872635103
tiny.cc,0.7819657056
Mei kakkhre,0.8565364198
Cheksinba payment,0.1577403596
Payment executive,0.4627416653
KYC matam loikhre,0.8076489971
Bank tagi confirm touba,0.4692261218
Bonus points,0.08802152996
Login paojel,0.5807035758
Eibu inbiyu (follow tou),0.2356167281
Transaction maipaktre,0.5839157786
Free gift,0.5287043385
Reserve Bank verify touba,0.8273519142
Khwaidagi faba mamal!,0.1042818761
Paisa sarak ahum,0.9540814991
IMPS,0.1737222756
Mafam asida click tou,0.8277118149
Awaba amatta leite,0.06458036707
Account validate tou,0.1395346851
Bill gi paisa piba loihoudri,0.6070623131
Mimalgi pao (marol),0.4584280205
Eingonda DM toubiyu,0.5483053925
Registration thingjinba,0.5385566285
Support executive,0.8098234171
Payment loisinbiyu,0.5121526577
Aadhaar link toukhre,0.4150355857
Account thingjinkhre,0.8381654041
Payment fangkhre,0.06156853531
Awaba amatta leite,0.1365632004
Houjik thuba service,0.1664397493
Thuba service,0.1137733637
Official profile,0.583267824
BNB,0.5156557392
VIP WhatsApp group,0.7975419882
Aranba QR,0.9839008076
NPCI,0.09403664039
Payment fangba,0.6319380708
SMS thagatchaba,0.7543870925
Gari gi insurance,0.1889902178
Paisa gi ning-tambak,0.4842239479
Profile update touba fangbou,0.2032231866
Houjik laina registration tou,0.1475255619
Masi share toubiyu,0.1364153766
Thajaba yaba pot yonba,0.4539187881
Insurance gi claim touba,0.5975076091
Minik khara leihoure,0.5737588072
Awaba yaodana click tou,0.08253994876
Laina registration touba,0.1112626998
Security plugin,0.5702794635
Ayaba yaodana touba transaction,0.753871786
Maang-han-ganu,0.5134473853
Account validate tou,0.1874038533
GPay mateng,0.6336090067
Cancel touba thengnaba,0.4342774264
Bonus points,0.2185423804
Houjik thukhatchou!,0.2060752247
Paisa thaba loihoudri,0.512809836
Password amuk semmu (reset tou),0.1561875357
Sak-khangbagi proof,0.5053392506
Profile update tou!,0.2114311075
Offer athubada loiragani,0.7696310491
Click amatta!,0.1019809958
Verification maipaktre,0.6460275798
Aronbana thammu,0.8181566002
Houjik free trial,0.2022075581
Profile update tounaba click tou,0.1927905265
Aranba verification badge,0.8086358994
Crypto trading,0.7560163787
Bank login,0.5912024502
Mafam asida click tou!,0.1687321582
Online shopping,0.1494349528
Aadhaar number,0.5394458543
Bonus points fangbou,0.1914172955
Wallet confirm touba,0.4863057857
Account activate tou,0.2023803625
Crypto yonba,0.4927596907
Free shipping!,0.1638754722
Link hangthok-u,0.7601755589
Captcha thabak,0.5218927984
Loan ayaba pikhre,0.4790390262
Houjik payment fangbou,0.6215489451
Laina touba yaba thouram,0.1771909414
Houjik upgrade fangbou,0.2319886288
Official circular / Paojel,0.475782089
Survey loisinbiyu,0.2462385058
Screen share toubiyu,0.9769580638
Charge amatta changdaba fangbou,0.1466814872
Naggi thabak thadok-u,0.5650756799
Akhanba reward,0.4618077686
Laina touba yaba thouramda click tou,0.1936662351
Laina touba yaba khongthangda click tou,0.08984305498
Maanghan-ganu / Manghan-ganu,0.6491742135
Eibu thajabiyu,0.6230211722
Penalty gi notice / Paojel,0.8309935695
Sen thadaba (Investment) app,0.4992537603
Khudhaktangda ayaba fangbou,0.2260313476
Parcel ngairibi,0.5178217918
Laina touba yaba khongthangda click tou,0.2012427228
Account thingjinkhre,0.777671438
Houjik free trial,0.06603600282
Referral reward,0.5614527032
Laina registration touba,0.07460065902
Login maipaktre,0.6340530616
Yamna chaoba fida,0.8488061663
Sak-khangba thagatchaba,0.9900178254
Mimalgi pao (data),0.5350029787
Crypto leibiyu,0.4864837481
Hanba senfam,0.1706897187
Akakpa coupon,0.6343470166
Sorkargi fida / mateng,0.5735376434
Subsidy ayaba pikhre,0.4759866003
Bank KYC update,0.8707360165
UPI request / niba,0.8482862971
Free trial!,0.09936477384
Free gift fangnaba click tou,0.1127933435
PhonePe,0.1245377034
Account verify tou!,0.1051535137
Support ticket,0.2411047392
Loan gi ayaba pikhre,0.4370858002
PAN pishinbiyu,0.8555528966
Account verify tou!,0.2081019589
Verification loisinbiyu,0.8877114828
Tatpa URL,0.8457788921
Mai verify touba (Face verification),0.540371147
QR verify touba,0.8485432734
OTP matam loikhre,0.6155106627
Prize lousin-naba click tou,0.2487696778
Hanba yaba deposit,0.8358072965
Akhanba deal da click tou,0.1911171725
OTP confirm tou,0.8916399734
Login gi marol (credentials),0.8293405701
Cheksinba sen-thok sen-sin fangbou,0.07732018073
Free gift fangbou,0.1753185022
Crypto app,0.554266629
Matam kakthangba leiri,0.6150305993
Eikhoiga loinana tanbou,0.84009766
Houjik cheksinba transaction,0.1586049168
Thuba service!,0.2254181162
PAN upload tou,0.8221459335
Houjik tangna famba tanja,0.07783934027
DTDC,0.1204749893
Gift ngaiduna leiri,0.4654264209
Passcode,0.821981343
Prize lousinba fangbou,0.1607422971
User ID,0.4053173527
Laina touba yaba thouram,0.2312222004
Ngasi khaktang fangbou,0.1074819193
TeamViewer,0.9550710414
Spear phishing (Akakpa mibu thagatpa),0.9579302553
Payment verify touba,0.524453127
Verification darkar lei,0.8600421571
QR scan tou,0.953806543
Credit card changde!,0.1615417653
Order maipaktre,0.5644613262
Beneficiary account,0.6197795769
Houjik awaba amatta leite,0.2428156833
Affiliate tagi tanba paisa,0.6153424991
Document hapchinba,0.4684066666
Discount fangbou,0.1359862155
Sorkargi scheme,0.422281108
Mafam asida click tou!,0.07975919388
Houjik credit card changde,0.2414896038
Account amuk fangba,0.8231781066
Maipaktradaba payment,0.5891878764
Kanamadasu haiganu,0.4245206452
KYC touba loihoudri,0.8141659701
Card ki akupba marol pibiyu,0.9847949559
Khwaidagi faba mamal da click tou,0.1050762349
Khudhaktangda confirm tou,0.8088740335
Mapan leibakki parcel,0.7640851074
Card onba (replace touba),0.5982136048
VIP Telegram group,0.8145641115
Eingonda message toubiyu,0.5413325636
Bitcoin investment,0.8128189979
Referral bonus,0.625175466
Loan khudhaktangda ayaba pikhre,0.8298631023
Bank ki akupba marol,0.799228913
Cheksinba website,0.1046519054
Account activate touba fangbou,0.1854241279
Houjik click amatta tou,0.05937038171
Crypto signal,0.8800547244
Akhanba offer,0.131925779
Paisa sarak ani (Double income),0.9981697217
Ngasi interview lei,0.5526950178
Houjik laina touba yaba khongthang,0.1174691094
Houjik thabak paikhatlu,0.550005137
Thuna fangba paisa (cash),0.8520341669
Charge changdaba click tou,0.2420271209
Paisa save tou (yet-thou),0.1315168417
Awaba amatta leite,0.2029055589
Khwaidagi faba mamal!,0.1197641068
Support desk,0.630211962
OTP code,0.6072288685
SIM matam loikhre,0.4198548422
Khudhaktangda verify tou,0.751743081
Card ki akupba marol,0.772117879
Maipaktradaba transaction,0.5624116622
Mobile tagi tanbou,0.4874258074
Processing loisin-khre,0.6191626905
Refund houre,0.5740051545
Houjik charge amatta changde,0.1035185353
Aadhaar upload tou,0.83823034
Akhanba promotion,0.5730403354
Akhanba offer da click tou,0.09837865882
Crypto exchange,0.5063733336
Verify touraba sen thadaba,0.4350060244
Customer support,0.5941492132
Eingonda message toubiyu,0.553753242
Parcel verify touba,0.7689397112
Appointment letter (Thabak ki chithi),0.1111208431
APK install tou,0.956504312
Transaction maipaktre,0.8411605192
WhatsApp ta message toubiyu,0.7595461364
Eigi trade copy tou,0.8410634368
Aroiba seat khara leihouri,0.4828367518
Akupba marol verify tou,0.09647686461
Matam kakthangba leiri click tou,0.1392839033
Security gi paojel,0.5902569756
Matam kakthangba leiri click tou,0.1415991518
Expert trader,0.4593583671
Shipping gi charge,0.4812760039
Ngasi khaktang,0.06156888989
Processing fee pibiyu,0.8458679907
Sak hura thagatchaba,0.9584007104
OTP pibiyu,0.9962198098
Mamangngaokhangna ayaba fangba loan,0.7562359289
Yaobagi senfam,0.885965618
Sen thadabagi lamjingba,0.6037062784
Insurance amuk anouba semba (renewal),0.4761697848
Profile update tou,0.1086617222
Software install tou,0.1804583297
Lousinba gi request,0.9864754114
Software install tounaba click tou,0.1296010586
PM Kisan,0.2032129553
Ngasi khaktang fangnaba click tou,0.1654399773
Parcel hangthoknaba fee,0.7762322156
Guarantee piba income,0.9859600889
Lepkhraba paisa hanba (Fixed return),0.8465366543
VIP membership,0.5832003862
Akhanba offer,0.4758187869
Sak-khangba confirm tounaba click tou,0.05156831815
UPI PIN,0.883312212
Account akakpa thammikhre (restricted),0.8427233601
Password,0.7978128754
Thagatchaba message,0.8669768093
Credit card changde fangbou,0.211647042
Ngasi khaktang!,0.05999580573
Document upload tou,0.42324766
Houjik app download tou,0.228019407
Income tax,0.5662279311
Ngasi yaobiyu,0.5456056646
Houjik thukhatchou fangbou,0.05076398453
Security thugaikhre,0.4129928209
Ngasidagi tanba houbiyu,0.8615390874
Laina registration touba,0.1451092075
Paisa save tou!,0.2461478687
PAN link toukhre,0.5890408322
Kipnaba amatta yaodaba investment,0.976320133
Houjik follow tou,0.09492312237
Official letter (chithi),0.4657781425
Khudhaktangda fangba paisa,0.8268332881
Maru oiba update,0.8051639026
Mei amuk loushinba,0.5177919747
Payment QR,0.6061702415
Paytm support,0.6317586362
Signal group ta yaobiyu,0.8165070022
Khallaba candidate,0.45062014
Txn ID / Transaction ID,0.1696450588
Free gift,0.06047100404
Laina touba yaba khongthang!,0.2170960451
PAN link touraba account,0.6407025893
Houjik laina touba yaba khongthang,0.2086285748
Internet banking,0.2201163458
Account verify touba fangbou,0.1220467838
Tracking ID,0.2257031123
Verify touraba account,0.1593394825
Matam kakthangba fangbou,0.2187299328
Beneficiary verify touba,0.6016009043
Naggi KYC loisinbiyu,0.8866155242
Offer ngasi loiragani,0.8992299476
App download tou,0.05351047267
Telegram da yaobiyu,0.4287332493
Ponzi scheme,0.9743334471
95% off (discount),0.5814949775
Thajaba yaba device,0.1512283726
Account activate tou!,0.1238106044
Cheksinba transaction da click tou,0.1471179399
Naggi phone control tou,0.9706774551
Houjik upgrade fangbou,0.1923445611
Hangthoknaba fee,0.8094259037
PIN share tou,0.9560283443
Free offer,0.134406852
Code scan tou,0.4338385206
PDF hapchinba,0.5114756766
Click amatta,0.2448388888
Password amuk semmu (reset tou),0.4196446243
Ngasi khaktang houjik,0.07289752761
OTP verify touba,0.6111373496
Mafam asida click tou,0.2280282275
Khudhaktangda payment,0.4434738123
Athubada thabak thiba,0.4517481446
Sorkargi payment,0.4763276692
Paisa save touba fangbou,0.1452873973
Processing loihoudri,0.6490835844
Ransom (huranbagi) paisa pibiyu,0.9614039886
Verification,0.5568763658
Security verify touba,0.4024427119
Download touba,0.5552288794
Bitcoin payment,0.9805490494
Cheksinba sen-thok sen-sin (transaction),0.1303557601
Free gift!,0.1099131356
Service request loihoudri,0.4749797779
Akakpa seats,0.4888461422
Account authenticate tou,0.8606373452
Maru oiba paojel,0.5124461622
CIBIL darkar leite,0.8849750019
Numit khudinggi fida (profit),0.880767535
Customer verify touba,0.6225645133
Current account,0.08340678922
Domain name,0.1364669602
Admin account,0.5486190838
Passport upload tou,0.8463488289
Parcel clearance,0.8153374972
Awaba amatta leite,0.2401545415
Amuk sign in tou,0.6009008839
Payment ki akupba marol verify tou,0.7593409659
Akupba marol verify tou,0.1237414342
Sen thadaba (invest) houbiyu,0.623704164
Mobile wallet,0.2254921725
Track touba link,0.5629167063
Houjik survey loisinbiyu,0.1559319448
Khwaidagi faba mamal fangbou,0.1885064863
Cheksinba sen-thok sen-sin,0.142535121
Anouba SIM activate touba,0.8586508226
KYC loisinbiyu,0.7563139784
Pot tharakpa thengkhre,0.4817582904
Sak huraba (identity hura ba),0.9533806282
Paisa gi lamjingba (Mentor),0.5280909444
Houjik aroiba tanja,0.1229187456
Free shipping!,0.2388084188
100% maipakpa signals,0.9692255664
Laina touba yaba thouramda click tou,0.1378299633
Khudhaktangda amuk fangbou (recover tou),0.4274340497
Houjik aroiba tanja,0.1707590906
Parcel yakhre,0.6447762345
Sak-khangba (identity) ayaba piba,0.596254136
Bill matam loikhre,0.4894495663
Minik kharagi manungda,0.6459197313
Customer executive,0.4378117072
Khudhaktangda ayaba fangba!,0.2088421325
Sorkargi paisa kiba (compensation),0.4531610941
Sak-khangba verify touba,0.4810834383
Bonus point!,0.1687121871
Account ki marol (credentials),0.8908601548
Paisa save touba fangbou,0.2147580768
Shipment track tou (thibiyu),0.217408225
Anouba device ta login touba,0.4779540333
Order confirm touba,0.1802465954
WhatsApp number,0.6078433786
Eingonda WhatsApp ta pao faorak-u,0.8783544141
Official document,0.4900341019
Cheksinba transaction da click tou,0.05874781446
Delivery charge,0.5690443905
Mafam asida click tou,0.7909606215
Coupon code,0.463060255
Paisa save touba fangbou,0.1217431051
Houjik thukhatchou fangbou,0.141539921
Aranba sak (identity),0.96083699
Aranba paojel,0.7660470958
Sorkargi refund (paisa hanba),0.8281436966
Ngasi khaktang,0.4597950261
KYC update tou,0.7850411627
Account matam loiragani,0.4603003644
RBI officer,0.5793994414
Install toubagi ayaba pibiyu,0.7533185327
Wallet,0.1660172416
Laina paisa tanba,0.7725253501
Support executive,0.8767174842
Sak-khangbagi proof upload tou,0.8822891637
Koubiyu aduga tanbou,0.5054302317
Remote app install tou,0.9805166892
Ransomware / Paisa niba virus,0.980080591
Account verify touba loihoudri,0.7504827395
Registration fee pishinbiyu,0.7555082044
Phone tagi tanbou,0.5936633828
Service center,0.5991343227
WhatsApp scam / thagatchaba,0.8670788273
a/c number (Account number),0.4221501074
Laina touba yaba khongthang,0.1884985653
Fee changde click tou,0.0956470727
Laina registration touba fangbou,0.207797032
Tax ki paojel,0.8988725253
Cash (paisa) lousinbiyu,0.6391536553
Acc number,0.5085048415
Eingonda private message toubiyu,0.4598775425
Transaction gi paojel,0.444132008
Lousinba yakhidre,0.6439025502
Houjik mafam asida click tou,0.06420153291
Promotion code,0.6116285847
Refer tou aduga tanbou,0.7796205735
Touroi yadaba verification,0.8741306843
Digital KYC,0.8535007336
tinyurl,0.8114001009
Customer care ni haina sak onba,0.982098575
Beneficiary verify touba,0.5401101577
Verification loihoudri,0.4700093324
Copy trading,0.844696133
Paisa save tounaba click tou,0.1099601055
Private / Mimalgi,0.08000973294
Aroiba matamgi mamangda apply tou,0.4490244282
Free trial!,0.1396638111
Verify touraba pot yonba,0.5153893686
Houjik profile update tou,0.1290275487
Offer loiragani,0.4303462349
Account amuk fangba,0.8534197454
Card matam loikhre,0.5308324078
Laina registration touba,0.1310205389
Balance check tou!,0.1926092101
Bonus point!,0.2231154291
Paisa thadadana tanbou,0.9676625704
Payment ki akupba marol confirm tou,0.8318147804
Verify touraba pot yonba mi,0.5647213676
APK install tou,0.9920966783
Eingonda pao faorak-u,0.4732055092
Discount fangbou,0.1855626401
Account amuk fangba (recovery),0.5217654797
Telegram khaktangda,0.549744627
Debit card,0.2094852043
Lukhrabi gi lan-yat,0.9934071127
Lousinbagi chairoiba (settlement),0.4865249316
Military officer,0.8538938928
Laina registration tounaba click tou,0.2207569843
KYC verify touba,0.7526810902
Houjik thuna access fangbou,0.1453800213
URL,0.238723184
Houjik thuna access fangbou,0.1630170625
Khudhaktangda verify tou,0.8435843754
Free shipping,0.06434237777
Online da pot leiba mi,0.1641219493
Account verify tou,0.1765423757
Technical support / mateng,0.830040382
Delivery loihoudri,0.6176883626
Sen thadaba (Investment),0.6177422809
Aranba GPay,0.9704226607
Reserve Bank,0.4763810777
Eingonda message tou (PM),0.4303466045
Scholarship verify touba,0.8506098468
Free trial fangbou,0.1510910236
Fee amatta changdaba fangbou,0.1126695835
Police complaint / Ejahar,0.6170141725
Balance check touba fangbou,0.1647057903
Mobile port touba,0.8032494459
Survey loisinba fangbou,0.1715810428
Verify touraba profile,0.08760494692
Tax verify touba,0.4868928811
Survey loisinbiyu,0.08892476734
Charge amatta changdaba fangbou,0.1062008998
Khudhaktangda thabak paikhatlu,0.7592024441
Thingjinba tagi ngakthok-u,0.7528788415
Mapan leibakki doctor,0.8757172934
Loan gi darkas / application,0.1409479711
Certificate yaoba pot yonba (seller),0.4400179087
SIM onba (swapping),0.9995627997
Account ta paisa hapchin-khre,0.224115685
Fund block toukhre,0.5159828442
Houjik matam kakthangba leiri,0.1795634892
Akhanba offer,0.2144359774
Aroiba tanja!,0.2227095045
Official admin,0.487376593
Mobile number verify tou,0.4505039171
Sak-khangbagi proof,0.5673717388
Profile update tou!,0.1617284793
Click amatta!,0.1857339913
Gift parcel,0.7856316196
Aroiba tanjada click tou,0.06249151872
Meigi bill pibiyu,0.6054092244
Guarantee piba hanlakpa senfam,0.9908648885
Bank manager,0.4563292325
Prize lousinbiyu,0.8599669534
Khudhaktangda ayaba fangnaba click tou,0.1566773258
QR code scan tou,0.9925603457
Ayaba yaodana touba payment,0.8227044431
Telegram channel da yaobiyu,0.5816154288
BHIM,0.06620924318
VIP access,0.5355593014
Houjik OTP verify tou,0.8561521402
Paisa tanba app download tou,0.8897630579
Laibak faba maipakpa,0.7856314987
Account thabak toudare (disabled),0.824833223
Khudhaktangda fangba cash loan,0.8116643404
Pot yonba mi gi account,0.05607741194
Account activate tou!,0.2215124675
Account verify touba,0.7858165719
Refund maipaktre,0.5548725865
Cheksinba banking,0.1297326056
Browser extension,0.4453595869
Aronba (secret),0.4811689817
Cyber police,0.6480395037
PAN card,0.5339569211
Khudhaktangda lousinbiyu (claim tou),0.7518162713
Bank executive,0.8641535986
App install tou,0.8624477748
Laina touba yaba thouramda click tou,0.212224754
Prize lousinbiyu,0.1706986192
Click amatta!,0.06004520229
Official website,0.4921315859
Thuna payment fangbou,0.07411168328
Free gift fangbou,0.1520864978
Training fee,0.6170678201
Houjik laina touba yaba thouram,0.2495641711
Security gi paojel,0.5308477278
Redeem code,0.8762997829
Khudhaktangda ayaba piba,0.7627188024
Houjik redeem tou,0.8190809246
Akupba marol verify touba fangbou,0.2304906615
Order cancel toukhre,0.4266482576
Free coupon,0.6423530806
Tanja faba (rare opportunity) fangbou,0.2318909222
Yamna chaoba discount,0.4412037039
Bonus point fangbou,0.1250659816
Laina touba yaba thouram!,0.132728535
DigiLocker,0.2373915646
Wallet amuk fangba,0.5268529847
Khudhaktangda fida fangba,0.8684547761
Online da pot yonba,0.2237809969
SIM verify touba,0.5445967293
Credit card changde fangbou,0.1759115394
Free trial!,0.2066396827
Ngasi khaktang fangbou,0.228374429
Mobile banking,0.2234588402
Support ta call tou,0.4045581457
Verification gi paojel,0.4854680415
Aranba website,0.999856225
Soidana maipakpa (Assured success),0.994755887
Bank,0.103405654
File encrypt touba,0.990959443
Customer ID,0.1437535931
Sak-khangba amuk yengsinba,0.5849760302
Matam kakthangba leiri,0.1275297611
Houjik click amatta tou,0.1780952084
Naggi kyc update tou,0.8454266047
Naoshang tagi touba transaction verify tou,0.8117648312
Naggi OTP pibiyu,0.9529275465
Hack/Thugaikhraba account,0.8311944503
Laina touba yaba thouram!,0.1365458272
Punsi chuppa gi income,0.9983930017
Khudhaktangda darkar lei,0.506520846
Complaint loisin-khre,0.0596285672
Password amuk semmu (reset tou),0.1994888813
Card ki security yengsinba,0.6142948142
Paytm,0.1946840227
Card activate tou,0.5443983415
Thuna thabak paikhatpa,0.4729156447
Link asida tap tou / click tou,0.794808836
Khudhaktangda ayaba fangba,0.8979945184
Verification gi call,0.8696338651
Session matam loikhre,0.066692817
Moderator account,0.5241917147
Matam kakthangba offer,0.4645333582
Thajaba yaba platform,0.4114121864
Click amatta!,0.2425536701
Collect toubagi request ayaba pibiyu,0.9718425351
Refund ki request,0.515873511
Naggi computer control tou,0.9560943047
Payment maipaktre,0.8953653945
Houjik thuba service,0.127597352
App download tounaba click tou,0.1542919277
Payment confirm touba,0.6498534314
Profile update tou,0.2413599631
RBI gi ayaba,0.5501485833
Official portal,0.159329644
Account amuk authenticate tou,0.7549804663
UPI verify touba,0.6389128746
Houjik thuna access fangba,0.1388087498
App download tou!,0.1220100932
100% fida,0.9777681775
Akupba marol verify tou!,0.1772192093
Survey loisin-naba click tou,0.08200498729
Security gi paojel,0.537382384
Bank passbook upload tou,0.5351746192
Message thabiyu,0.6449925823
Relief fund / Mateng gi senfam,0.6178011206
Fida / Benefit ayaba pikhre,0.5632906976
Free trial fangnaba click tou,0.1727208228
Crypto wallet,0.5817922674
Houjik call tou,0.8145458842
QR payment,0.486952302
Naggi paisa sarak hengat-hanbou,0.9530176042
Account verify tounaba click tou,0.1276331412
APK install touba,0.8287745076
Parcel,0.1835186771
Khonjel verify touba (Voice verification),0.7965542938
Card thingjinkhre,0.7805649689
Bank document verify touba,0.7862840742
Guarantee piba tanba paisa,0.9796175164
Bonus reward,0.5482349837
Channel da yaobiyu,0.5641196518
Phishing SMS / Thagatchaba SMS,0.9817002852
Balance check tounaba click tou,0.1746811916
Mungna guarantee piba,0.9829676961
Khwaidagi faba mamal!,0.1290261815
Survey loisin-naba click tou,0.08314995596
GST verify touba,0.499828979
Courier service,0.07404181107
Facebook scam / thagatchaba,0.8030132069
Khudhaktangda paokhum pi,0.8422829157
Discount fangbou!,0.1271023809
Gift thabiyu,0.5681505296
Aroiba tanja!,0.1865234442
Login page,0.4551924032
Cryptocurrency,0.5700570606
RTGS,0.1860281544
Clone phishing (sak-onba thagatchaba),0.994043538
QR verify touba,0.8348597946
Cyber cell officer,0.501079692
Card activate touba,0.5586456044
Debit card verify tou,0.8696871239
Chingnaba yaba thabak,0.4204313364
Official pot amuk yonba mi,0.5590728385
OTP thaabiyu,0.963491036
RBI,0.5384505602
Customer support ta call tou,0.4160522343
Amuk KYC touba,0.8981583585
Cheksinba transaction tounaba click tou,0.2266929526
GPay,0.06739735198
Gas ki bill,0.1924028041
Houjik upgrade tou!,0.07230244246
Video verify touba,0.5401650236
Wallet ayaba pi,0.7912097288
Account amuk activate touba,0.8884135786
Houjik laina registration tou,0.1090580988
Khudhaktangda fangbou,0.6391253496
Meigi connection kakkhre,0.797152517
Khallaba mi (user),0.6265636451
Income tax ki paojel,0.8890501452
Ayaba yaodana paisa kakhre (debit),0.774866181
Meigi bill,0.08748238882
System da virus changkhre,0.8927105013
Matam pumbagi thabak (Full time job),0.09974285452
Refund loihoudri,0.4933129479
Houjik balance yengu,0.06152951644
Bitcoin,0.4180496022
Maheiroigi mateng (Education grant),0.5662462259
Discount fangbou!,0.2168289194
Thuna access fangbou,0.1752468643
Business ki loan,0.1404398057
Offer letter (Thabak ki chithi),0.07977761007
Device ta virus changkhre,0.8449727063
Houjik athubada thukhatchou,0.1522258278
eKYC,0.7762954414
Akhanba discount,0.05863474716
Houjik charge amatta changde,0.1289152151
Authenticate touba darkar lei,0.4876567328
WhatsApp khaktangda,0.5303614223
Khudhaktangda thabak paikhatlu,0.7610245121
Customer care da pao faoraku,0.5228986367
Naggi account verify tou,0.8114857335
Paisa save tou!,0.2043253822
Account verify tou,0.2482655803
Aranba profile,0.9547767657
Prize lousinbiyu,0.1398699484
Cheksinba banking,0.07927479843
Fund (paisa) fangkhre,0.05543348425
Thuba service,0.1817081031
Premium payment,0.5602430193
Bio link ta click tou,0.6479524878
Akhanba deal,0.4252614528
Cash (paisa) gi reward,0.5342436057
Laina touba yaba thouramda click tou,0.05508955198
Support ki case,0.1835609366
Reference number,0.1696714969
Thuba service!,0.05338953298
Telegram da pao faoraku,0.8743930199
Houjik app install tou,0.7779152127
Interest hanthaba loan,0.4868358316
Guarantee piba hanlakpa senfam,0.9968411231
Naggi income sarak ani onthoku,0.9510472481
Helpline number,0.4293270472
Address ki proof,0.4405583514
Aroiba tanja,0.5149501059
Login ID,0.6175247185
Thuna ayaba fangba,0.4104182252
Balance check tounaba click tou,0.2383451423
Merchant settlement / Paisa loisinba,0.2051223702
Soidana hanlakpa paisa,0.9726159142
Ngasi khaktang,0.07857519227
Tha gi income,0.4548034968
Link asi hangthok-u,0.8911018868
Houjik account verify tou,0.07322779204
Nungaiba fongdokchari / Congratulations,0.6428487735
Thuna payment,0.1417046018
Life insurance,0.084704903
Matam kakthangba leiri fangbou,0.2315797588
Sak-khangba confirm touba,0.7989691962
Houjik app download tou,0.07939254192
Bank ki akupba marol verify tou,0.7711067292
Ayaba yaodana access fangba,0.855971359
Laina registration touba fangbou,0.1660935202
Free gift fangbou,0.1089238793
Customer care,0.5927304612
PAN verify touba,0.8924941776
Nungaiba fongdokchari nahak maipakle,0.7771465429
Sak-khangba chunadre,0.5044402448
Merchant ki QR,0.5481019462
Houjik password amuk semmu (reset tou),0.05087265393
Atei mafamda puga link (Redirect link),0.7546701124
Free offer!,0.1875444085
CVV pibiyuko,0.9894307482
Paokhum piba ngamdaba,0.5203360379
Verify touraba admin,0.4285239462
Register touraba account,0.1434803022
GST registration,0.08048320267
Login password,0.8423794782
Payment amuk hanna,0.5297704463
Houjik mafam asida click tou,0.2410121023
Houjik tap tou,0.837325569
Security gi cheksin paojel,0.6216510538
Amuk login tou,0.406047941
Inak khunba onba,0.8646558993
Thabak thuna men-sinli,0.4013764498
Premium signals,0.8838784935
Profile update tou!,0.07946060886
Houjik login tou,0.4065491771
Houjik free offer,0.1135173591
Recharge maipaktre,0.4251593696
Houjik thukhatchou da click tou,0.124347859
Merchant ki account,0.1813560209
Loan gi ayaba,0.5268087022
Beneficiary verify tou,0.5281256622
Aroiba offer fangbou,0.1315086062
Sak-khangba confirm tou,0.8276567465
Houjik click tou,0.7653764592
Mafam asida click tou!,0.1500802291
Fee amatta changde,0.1781230367
WhatsApp investment,0.7884795094
Khudhaktangda forward tou,0.8914613757
Paisa gi tanja (opportunity),0.417733054
Fund (paisa) thaba,0.2044024953
Survey loisin-naba click tou,0.1855084535
Houjik account activate tou,0.1078489544
Account validate touba fangbou,0.2063647727
Customs clearance,0.851014865
Houjik thukhatchou fangbou,0.1131254688
Akhanba offer,0.5641841661
QuickSupport (Thuna mateng),0.974293588
Card ki akupba marol changsinbiyu,0.9578977411
Free subscription,0.5264631732
Naggi OTP share tou,0.9912524705
Free offer da click tou,0.1977194916
Document darkar lei,0.4414887238
Houjik reward tanbou,0.08339061775
Registration gi fee,0.8495706791
UPI tagi lousinba,0.8714274112
Cheksinba transaction fangbou,0.05467041927
Gift code,0.4443571924
Login verify tou,0.4500375611
Thuna thabak paikhatpa darkar lei,0.8542472829
Thagatchaba gi paojel (alert),0.8944672667
Crypto,0.4498856127
Fattaba software,0.9902996275
Amazon voucher,0.5482377129
Khudhaktangda cashback,0.4178141819
Account confirm tou,0.8031933236
Merchant verify touba,0.426368425
File amuk fangba,0.6250057808
Thuba service,0.2428034814
Service engineer,0.6032464347
Application fee,0.6014175382
MLM (Multi Level Marketing),0.8810134857
Seat khara khaktang leihouri,0.5959479461
Tanja faba (rare opportunity) fangbou,0.08938514089
Affiliate tagi income,0.6039867347
Mimalgi loan (Personal loan),0.4305274785
Refund (hanba paisa) loushinbiyu,0.8723749687
Security code,0.8026067723
Card block toukhre,0.8946714981
Akhanba coupon,0.6461674349
Ayaba piba dealer,0.618330729
Naggi account amuk fangba,0.5515632344
Registration fee pibiyu,0.7708868057
Private group ta yaobiyu,0.542943088
Update install tou,0.589565799
Thengna payment toubagi penalty,0.6105083236
Wallet amuk fangba (recover touba),0.5233866451
Sen-thok sen-sin (Transaction),0.6477921565
Eingonda DM tou,0.5561658922
Account validate tou,0.1593154284
Houjik account validate tou,0.1981808112
Account amuk reactivate touba,0.8700880049
Bank ta register touraba number,0.5100808546
Recharge toubagi reward,0.4869853529
Acct (account) verify tou,0.8075749428
Paisa thuna tanba,0.9592597784
Account thingjinba tagi ngakthok-u,0.8302965197
Login portal,0.4205952614
PhonePe gi mateng (support),0.4150668476
Charge amuk hanba,0.4064105165
Sorkargi sen-gi mateng (grant),0.5888176051
Houjik mak upgrade tou,0.1671729577
Houjik laina registration tou,0.1180774209
Free trial!,0.07404144582
Houjik tangna famba tanja,0.06537241506
Offer ngasi loiragani,0.8660209689
Sak-khangbagi proof,0.6485348403
Refund touba processing touri,0.4384739766
Beneficiary,0.5043951939
Delivery verify touba,0.4567948893
Tax refund (hanba paisa),0.8693174941
Mafam asida tap tou,0.7601025902
CVV,0.8587150157
ZIP hapchinba (attachment),0.5708238442
Sak-khangba yengsinba,0.4986190696
Thuna access fangba!,0.2085190233
Attachment download tou,0.8953316783
Chingnaba yaba login,0.8315307326
Account hangthok-u (unlock tou),0.8351311272
Mei kakkhre,0.8311190632
Profile yengu,0.09080712693
Fangnaba scan tou,0.9747573264
Registration gi paisa pibiyu,0.7828603214
Khudhaktangda amuk anouba semmu (renew tou),0.7698787009
Khudhaktangda loisinbiyu,0.8290562196
Confirm email fangbou,0.2040316424
Account activate tounaba click tou,0.2461974756
Khudhaktangda fangba loan,0.7559015311
OTP changsinbiyu,0.8956587368
UPI transfer (paisa thaba),0.6155319043
Eingonda Telegram tou,0.7562926835
Aronba ( ntial),0.5220602843
Free gift lousinbiyu,0.7585582082
Adware,0.7884844176
Houjik credit card changde,0.1876810037
Khwaidagi faba mamal da click tou,0.2387403186
Houjik discount fangbou,0.1522550924
Survey loisinba fangbou,0.1239626512
Prize lousinbiyu,0.07685497018
Plugin install tou,0.4452873374
Houjik laina registration tou,0.1845933245
Card verify toubagi value (CVV),0.8686084747
Houjik DM tou,0.4463325449
Ngasi apply tou,0.4088278387
Amuk inbiyu (follow back tou),0.1244334048
Laina registration touba,0.2432834772
Cheksinba transaction fangbou,0.1444563608
OTP thabiyu ko,0.99024945
Verify touba loihoudri,0.5031554602
Parcel thabak leikhre,0.8643427702
Ngasi khaktang,0.1015214441
Maipakpa mi (Winner),0.6272581302
Laina touba yaba thouramda click tou,0.1235571976
Laina touba yaba khongthang!,0.148465096
One time password (OTP),0.8873232446
Guarantee piba,0.8455802215
Amuk verify touba,0.4105061688
Blue Dart,0.180229517
Piba ngamhoudaba meigi bill,0.5148162993
RBI gi paojel,0.4992453793
Parcel hangthok-u,0.7604461722
Online da paisa tanba,0.441760477
Free trial,0.09026242156
Wallet connect tou,0.8553388149
App download tou!,0.1859240665
Click amatta da fangbou,0.09946806316
WhatsApp group ta yaobiyu,0.4616697161
Marup sing koubiyu,0.460173178
Account verify tounaba click tou,0.112243499
Account thingjinkhre,0.7657395268
Remote tagi touba thabak,0.6072208415
Account activate tou!,0.1540339785
Transaction amuk han-khre,0.09613396234
Thuba service,0.1945413915
KYC update touba,0.7677504286
Balance check tou!,0.2014620414
Payment cancel toukhre,0.101724167
UPI ID,0.4323787303
Verification loihoudri,0.6145854192
Trojan (virus),0.9553438462
Tatpa URL,0.8129590975
Policy amuk anouba semba (renewal),0.4202298208